Index,ID,UnitType,Enable,Name,Nick,AttackType,ClassName,EquipmentType,FactionID,INITGrade,MaxGrade,HP,HP_CF,ATK,ATK_CF,DEF,DEF_CF,MR,MR_CF,MP,MPR,SPD,PCRI,MCRI,ColliderType,ColliderX,ColliderY,Signiture,SIGUnlockGrade,Story,UnitDESC,SpineDataName,SpineSkinName,SpineHitBodyDegree,SpineHitHeadTurn,SpineHitFaceChange,IllustNameOriginal,IllustNameSmall,BattleIllustName,DeathSoundName,NewHero,MazeAppearance,OriginUnitID
int,int,string,bool,string,string,string,string,string,int,int,int,float,float,float,float,float,float,float,float,float,float,float,float,float,string,float,float,bool,int,string,string,string,string,float,bool,bool,string,string,string,string,bool,bool,int
1,1,HERO,TRUE,unit_name_Redeye,unit_nick_Redeye,PHYSICAL,KNIGHT,STR,1,2,7,31,1.0333333333,1.8,0.72,0.4,0.8,0.4,0.8,100,1,1.5,5,5,CIRCLE,0.3,0,FALSE,5,unit_story_Redeye,unit_desc_Redeye,redeye,redeye,30,FALSE,TRUE,unit_big_redeye,unit_small_redeye,big_redeye,1_Defeat,FALSE,TRUE,1
2,2,HERO,TRUE,unit_name_Plumehat,unit_nick_Plumehat,MAGICAL,MAGE,INT,1,2,7,20,0.66666666667,2.5,1,0.34,0.68,0.34,0.68,100,1,1.5,5,5,CIRCLE,0.3,0,FALSE,5,unit_story_Plumehat,unit_desc_Plumehat,plumehat,plumehat,30,FALSE,TRUE,unit_big_plumehat,unit_small_plumehat,big_plumehat,1_Defeat,FALSE,TRUE,2
3,3,HERO,TRUE,unit_name_Brownpony,unit_nick_Brownpony,MAGICAL,SUPPORTER,INT,3,2,7,27,0.9,2,0.8,0.36,0.72,0.36,0.72,100,1,1.5,5,5,CIRCLE,0.3,0,FALSE,5,unit_story_Brownpony,unit_desc_Brownpony,brownpony,brownpony,30,FALSE,TRUE,unit_big_brownpony,unit_small_brownpony,big_brownpony,1_Defeat,FALSE,TRUE,3
4,4,HERO,TRUE,unit_name_Carrot,unit_nick_Carrot,PHYSICAL,RANGER,DEX,1,2,7,26,0.86666666667,2.1,0.84,0.39,0.78,0.39,0.78,100,1,1.5,5,5,CIRCLE,0.3,0,FALSE,5,unit_story_Carrot,unit_desc_Carrot,carrot,carrot,30,FALSE,TRUE,unit_big_carrot,unit_small_carrot,big_carrot,1_Defeat,FALSE,TRUE,4
5,5,HERO,TRUE,unit_name_Skyblue,unit_nick_Skyblue,PHYSICAL,RANGER,DEX,4,2,7,21,0.7,2.4,0.96,0.36,0.72,0.36,0.72,100,1,1.5,5,5,CIRCLE,0.3,0,FALSE,5,unit_story_Skyblue,unit_desc_Skyblue,skyblue,skyblue,30,FALSE,TRUE,unit_big_skyblue,unit_small_skyblue,big_skyblue,1_Defeat,FALSE,TRUE,5
6,6,HERO,TRUE,unit_name_Goldshield,unit_nick_Goldshield,PHYSICAL,KNIGHT,STR,2,2,7,32,1.0666666667,1.7,0.68,0.4,0.8,0.4,0.8,100,1,1.5,5,5,CIRCLE,0.3,0,FALSE,5,unit_story_Goldshield,unit_desc_Goldshield,goldshield,goldshield,30,FALSE,TRUE,unit_big_goldshield,unit_small_goldshield,big_goldshield,1_Defeat,FALSE,TRUE,6
7,7,HERO,TRUE,unit_name_Monk,unit_nick_Monk,PHYSICAL,WARRIOR,DEX,2,2,7,25,0.83333333333,2.1,0.84,0.37,0.74,0.37,0.74,100,1,1.5,5,5,CIRCLE,0.3,0,FALSE,5,unit_story_Monk,unit_desc_Monk,monk,monk,30,FALSE,TRUE,unit_big_monk,unit_small_monk,big_monk,1_Defeat,FALSE,TRUE,7
8,8,HERO,TRUE,unit_name_Redhood,unit_nick_Redhood,PHYSICAL,RANGER,DEX,1,4,15,25,0.83333333333,2.2,0.88,0.35,0.7,0.35,0.7,100,1,1.5,5,5,CIRCLE,0.3,0,TRUE,5,unit_story_Redhood,unit_desc_Redhood,redhood,redhood,30,FALSE,TRUE,unit_big_redhood,unit_small_redhood,big_redhood,1_Defeat,FALSE,TRUE,8
9,9,HERO,TRUE,unit_name_Highelf,unit_nick_Highelf,MAGICAL,MAGE,INT,5,4,15,22,0.73333333333,2.35,0.94,0.36,0.72,0.36,0.72,100,1,1.5,5,5,CIRCLE,0.3,0,TRUE,5,unit_story_Highelf,unit_desc_Highelf,highelf,highelf,30,FALSE,TRUE,unit_big_highelf,unit_small_highelf,big_highelf,1_Defeat,FALSE,TRUE,9
10,10,HERO,TRUE,unit_name_Bullygirl,unit_nick_Bullygirl,PHYSICAL,KNIGHT,STR,2,4,15,28,0.93333333333,1.9,0.76,0.35,0.7,0.35,0.7,100,1,1.5,5,5,CIRCLE,0.3,0,TRUE,5,unit_story_Bullygirl,unit_desc_Bullygirl,bullygirl,bullygirl,30,FALSE,TRUE,unit_big_bullygirl,unit_small_bullygirl,big_bullygirl,1_Defeat,FALSE,TRUE,10
11,11,HERO,TRUE,unit_name_Blacksmith,unit_nick_Blacksmith,PHYSICAL,WARRIOR,STR,1,2,7,25,0.83333333333,2.1,0.84,0.37,0.74,0.37,0.74,100,1,1.5,5,5,CIRCLE,0.3,0,FALSE,5,unit_story_Blacksmith,unit_desc_Blacksmith,blacksmith,blacksmith,30,FALSE,TRUE,unit_big_blacksmith,unit_small_blacksmith,big_blacksmith,1_Defeat,FALSE,TRUE,11
12,12,HERO,TRUE,unit_name_Pirate,unit_nick_Pirate,PHYSICAL,RANGER,STR,4,4,15,25.5,0.85,2.15,0.86,0.35,0.7,0.35,0.7,100,1,1.5,5,5,CIRCLE,0.3,0,TRUE,5,unit_story_Pirate,unit_desc_Pirate,pirate,pirate,30,FALSE,TRUE,unit_big_pirate,unit_small_pirate,big_pirate,1_Defeat,FALSE,TRUE,12
13,13,HERO,TRUE,unit_name_Gambler,unit_nick_Gambler,MAGICAL,MAGE,INT,4,4,15,27,0.9,2,0.8,0.38,0.76,0.38,0.76,100,1,1.5,5,5,CIRCLE,0.3,0,TRUE,5,unit_story_Gambler,unit_desc_Gambler,gambler,gambler,30,FALSE,TRUE,unit_big_gambler,unit_small_gambler,big_gambler,1_Defeat,FALSE,TRUE,13
14,14,HERO,TRUE,unit_name_Baba,unit_nick_Baba,PHYSICAL,WARRIOR,STR,3,4,15,28,0.93333333333,1.9,0.76,0.35,0.7,0.35,0.7,100,1,1.5,5,5,CIRCLE,0.3,0,TRUE,5,unit_story_Baba,unit_desc_Baba,baba,baba,30,FALSE,TRUE,unit_big_baba,unit_small_baba,big_baba,1_Defeat,FALSE,TRUE,14
15,15,HERO,TRUE,unit_name_Crusader,unit_nick_Crusader,PHYSICAL,KNIGHT,STR,1,4,15,25.5,0.85,2.15,0.86,0.35,0.7,0.35,0.7,100,1,1.5,5,5,CIRCLE,0.3,0,TRUE,5,unit_story_Crusader,unit_desc_Crusader,crusader,crusader,30,FALSE,TRUE,unit_big_crusader,unit_small_crusader,big_crusader,1_Defeat,FALSE,TRUE,15
16,16,HERO,TRUE,unit_name_Jungle,unit_nick_Jungle,PHYSICAL,RANGER,DEX,3,2,7,22,0.73333333333,2.35,0.94,0.36,0.72,0.36,0.72,100,1,1.5,5,5,CIRCLE,0.3,0,FALSE,5,unit_story_Jungle,unit_desc_Jungle,jungle,jungle,30,FALSE,TRUE,unit_big_jungle,unit_small_jungle,big_jungle,1_Defeat,FALSE,TRUE,16
17,17,HERO,TRUE,unit_name_Ladydeath,unit_nick_Ladydeath,PHYSICAL,RANGER,DEX,6,4,15,21.5,0.71666666667,2.35,0.94,0.35,0.7,0.35,0.7,100,1,1.5,5,5,CIRCLE,0.3,0,TRUE,5,unit_story_Ladydeath,unit_desc_Ladydeath,ladydeath,ladydeath,30,FALSE,TRUE,unit_big_ladydeath,unit_small_ladydeath,big_ladydeath,1_Defeat,FALSE,TRUE,17
18,18,HERO,TRUE,unit_name_Darkelf,unit_nick_Darkelf,MAGICAL,MAGE,INT,6,4,15,24.5,0.81666666667,2.2,0.88,0.38,0.76,0.38,0.76,100,1,1.5,5,5,CIRCLE,0.3,0,TRUE,5,unit_story_Darkelf,unit_desc_Darkelf,darkelf,darkelf,30,FALSE,TRUE,unit_big_darkelf,unit_small_darkelf,big_darkelf,1_Defeat,FALSE,TRUE,18
19,19,HERO,TRUE,unit_name_Nun,unit_nick_Nun,PHYSICAL,RANGER,DEX,2,4,15,25,0.83333333333,2.2,0.88,0.35,0.7,0.35,0.7,100,1,1.5,5,5,CIRCLE,0.3,0,TRUE,5,unit_story_Nun,unit_desc_Nun,nun,nun,30,FALSE,TRUE,unit_big_nun,unit_small_nun,big_nun,1_Defeat,FALSE,TRUE,19
20,20,HERO,TRUE,unit_name_Ice,unit_nick_Ice,MAGICAL,MAGE,INT,4,4,15,28,0.93333333333,2,0.8,0.38,0.76,0.38,0.76,100,1,1.5,5,5,CIRCLE,0.3,0,TRUE,5,unit_story_Ice,unit_desc_Ice,ice,ice,30,FALSE,TRUE,unit_big_ice,unit_small_ice,big_ice,1_Defeat,FALSE,TRUE,20
21,21,HERO,TRUE,unit_name_Cook,unit_nick_Cook,MAGICAL,SUPPORTER,INT,1,4,15,25.5,0.85,0.86,0.344,0.35,0.7,0.35,0.7,100,1,1.5,5,5,CIRCLE,0.3,0,TRUE,5,unit_story_Cook,unit_desc_Cook,cook,cook,30,FALSE,TRUE,unit_big_cook,unit_small_cook,big_cook,1_Defeat,FALSE,TRUE,21
22,22,HERO,TRUE,unit_name_Fiance,unit_nick_Fiance,PHYSICAL,KNIGHT,STR,3,4,15,32,1.0666666667,1.7,0.68,0.4,0.8,0.4,0.8,100,1,1.5,5,5,CIRCLE,0.3,0,TRUE,5,unit_story_Fiance,unit_desc_Fiance,fiance,fiance,30,FALSE,TRUE,unit_big_fiance,unit_small_fiance,big_fiance,1_Defeat,FALSE,TRUE,22
23,23,HERO,TRUE,unit_name_Alchemy,unit_nick_Alchemy,MAGICAL,SUPPORTER,INT,4,2,7,28,0.93333333333,1.95,0.78,0.37,0.74,0.37,0.74,100,1,1.5,5,5,CIRCLE,0.3,0,FALSE,5,unit_story_Alchemy,unit_desc_Alchemy,alchemy,alchemy,30,FALSE,TRUE,unit_big_alchemy,unit_small_alchemy,big_alchemy,1_Defeat,FALSE,TRUE,23
24,24,HERO,TRUE,unit_name_Rabbit,unit_nick_Rabbit,PHYSICAL,WARRIOR,DEX,3,4,15,25.5,0.85,2.15,0.86,0.35,0.7,0.35,0.7,100,1,1.5,5,5,CIRCLE,0.3,0,TRUE,5,unit_story_Rabbit,unit_desc_Rabbit,rabbit,rabbit,30,FALSE,TRUE,unit_big_rabbit,unit_small_rabbit,big_rabbit,1_Defeat,FALSE,TRUE,24
25,25,HERO,TRUE,unit_name_Swordcat,unit_nick_Swordcat,PHYSICAL,WARRIOR,DEX,2,4,15,25.5,0.85,2.15,0.86,0.35,0.7,0.35,0.7,100,1,1.5,5,5,CIRCLE,0.3,0,TRUE,5,unit_story_Swordcat,unit_desc_Swordcat,swordcat,swordcat,30,FALSE,TRUE,unit_big_swordcat,unit_small_swordcat,big_swordcat,1_Defeat,FALSE,TRUE,25
26,26,HERO,TRUE,unit_name_Flower,unit_nick_Flower,MAGICAL,SUPPORTER,INT,3,4,15,30,1,1.92,0.768,0.35,0.7,0.35,0.7,100,1,1.5,5,5,CIRCLE,0.3,0,TRUE,5,unit_story_Flower,unit_desc_Flower,flower,flower,30,FALSE,TRUE,unit_big_flower,unit_small_flower,big_flower,1_Defeat,FALSE,TRUE,26
27,27,HERO,TRUE,unit_name_Middle,unit_nick_Middle,MAGICAL,MAGE,INT,3,4,15,22,0.73333333333,2.35,0.94,0.36,0.72,0.36,0.72,100,1,1.5,5,5,CIRCLE,0.3,0,TRUE,5,unit_story_Middle,unit_desc_Middle,middle,middle,30,FALSE,TRUE,unit_big_middle,unit_small_middle,big_middle,1_Defeat,FALSE,TRUE,27
28,28,HERO,TRUE,unit_name_Bdragon,unit_nick_Bdragon,MAGICAL,WARRIOR,STR,4,4,15,25.5,0.85,2.15,0.86,0.35,0.7,0.35,0.7,100,1,1.5,5,5,CIRCLE,0.3,0,TRUE,5,unit_story_Bdragon,unit_desc_Bdragon,bdragon,bdragon,30,FALSE,TRUE,unit_big_bdragon,unit_small_bdragon,big_bdragon,1_Defeat,FALSE,TRUE,28
29,29,HERO,TRUE,unit_name_Queen,unit_nick_Queen,PHYSICAL,KNIGHT,STR,2,4,15,32,1.0666666667,1.6,0.64,0.45,0.9,0.45,0.9,100,1,1.5,5,5,CIRCLE,0.3,0,TRUE,5,unit_story_Queen,unit_desc_Queen,queen,queen,30,FALSE,TRUE,unit_big_queen,unit_small_queen,big_queen,1_Defeat,FALSE,TRUE,29
30,30,HERO,TRUE,unit_name_Gdragon,unit_nick_Gdragon,PHYSICAL,WARRIOR,STR,3,4,15,25.5,0.85,2.15,0.86,0.35,0.7,0.35,0.7,100,1,1.5,5,5,CIRCLE,0.3,0,TRUE,5,unit_story_Gdragon,unit_desc_Gdragon,gdragon,gdragon,30,FALSE,TRUE,unit_big_gdragon,unit_small_gdragon,big_gdragon,1_Defeat,FALSE,TRUE,30
31,31,HERO,TRUE,unit_name_Redhead,unit_nick_Redhead,PHYSICAL,WARRIOR,STR,1,2,7,26,0.86666666667,2.05,0.82,0.37,0.74,0.37,0.74,100,1,1.5,5,5,CIRCLE,0.3,0,FALSE,5,unit_story_Redhead,unit_desc_Redhead,redhead,redhead,30,FALSE,TRUE,unit_big_redhead,unit_small_redhead,big_redhead,1_Defeat,FALSE,TRUE,31
32,32,HERO,TRUE,unit_name_Dualcross,unit_nick_Dualcross,PHYSICAL,RANGER,DEX,2,4,15,25.5,0.85,2.15,0.86,0.35,0.7,0.35,0.7,100,1,1.5,5,5,CIRCLE,0.3,0,TRUE,5,unit_story_Dualcross,unit_desc_Dualcross,dualcross,dualcross,30,FALSE,TRUE,unit_big_dualcross,unit_small_dualcross,big_dualcross,1_Defeat,FALSE,TRUE,32
33,33,HERO,TRUE,unit_name_Ass,unit_nick_Ass,PHYSICAL,RANGER,DEX,2,2,7,22,0.73333333333,2.3,0.92,0.35,0.7,0.35,0.7,100,1,1.5,5,5,CIRCLE,0.3,0,FALSE,5,unit_story_Ass,unit_desc_Ass,ass,ass,30,FALSE,TRUE,unit_big_ass,unit_small_ass,big_ass,1_Defeat,FALSE,TRUE,33
34,34,HERO,TRUE,unit_name_Foxy,unit_nick_Foxy,PHYSICAL,RANGER,DEX,1,4,15,21.5,0.71666666667,2.35,0.94,0.35,0.7,0.35,0.7,100,1,1.5,5,5,CIRCLE,0.3,0,TRUE,5,unit_story_Foxy,unit_desc_Foxy,foxy,foxy,30,FALSE,TRUE,unit_big_foxy,unit_small_foxy,big_foxy,1_Defeat,FALSE,TRUE,34
35,35,HERO,TRUE,unit_name_Priest,unit_nick_Priest,MAGICAL,SUPPORTER,INT,4,4,15,30,1,1.92,0.768,0.35,0.7,0.35,0.7,100,1,1.5,5,5,CIRCLE,0.3,0,TRUE,5,unit_story_Priest,unit_desc_Priest,priest,priest,30,FALSE,TRUE,unit_big_priest,unit_small_priest,big_priest,1_Defeat,FALSE,TRUE,35
36,36,HERO,TRUE,unit_name_Miko,unit_nick_Miko,MAGICAL,RANGER,DEX,1,4,15,22,0.73333333333,2.3,0.92,0.36,0.72,0.36,0.72,100,1,1.5,5,5,CIRCLE,0.3,0,TRUE,5,unit_story_Miko,unit_desc_Miko,miko,miko,30,FALSE,TRUE,unit_big_miko,unit_small_miko,big_miko,1_Defeat,FALSE,TRUE,36
37,37,HERO,TRUE,unit_name_Rdragon,unit_nick_Rdragon,PHYSICAL,WARRIOR,STR,1,4,15,28,0.93333333333,1.9,0.76,0.35,0.7,0.35,0.7,100,1,1.5,5,5,CIRCLE,0.3,0,TRUE,5,unit_story_Rdragon,unit_desc_Rdragon,rdragon,rdragon,30,FALSE,TRUE,unit_big_rdragon,unit_small_rdragon,big_rdragon,1_Defeat,FALSE,TRUE,37
38,38,HERO,TRUE,unit_name_Akimbo,unit_nick_Akimbo,PHYSICAL,RANGER,DEX,4,4,15,25,0.83333333333,2.2,0.88,0.35,0.7,0.35,0.7,100,1,1.5,5,5,CIRCLE,0.3,0,TRUE,5,unit_story_Akimbo,unit_desc_Akimbo,akimbo,akimbo,30,FALSE,TRUE,unit_big_akimbo,unit_small_akimbo,big_akimbo,1_Defeat,FALSE,TRUE,38
39,39,HERO,TRUE,unit_name_Sugar,unit_nick_Sugar,MAGICAL,SUPPORTER,INT,2,4,15,28,0.93333333333,1.9,0.76,0.37,0.74,0.37,0.74,100,1,1.5,5,5,CIRCLE,0.3,0,TRUE,5,unit_story_Sugar,unit_desc_Sugar,sugar,sugar,30,FALSE,TRUE,unit_big_sugar,unit_small_sugar,big_sugar,1_Defeat,FALSE,TRUE,39
40,40,HERO,TRUE,unit_name_Water,unit_nick_Water,MAGICAL,MAGE,INT,4,4,15,24.5,0.81666666667,2.2,0.88,0.38,0.76,0.38,0.76,100,1,1.5,5,5,CIRCLE,0.3,0,TRUE,5,unit_story_Water,unit_desc_Water,water,water,30,FALSE,TRUE,unit_big_water,unit_small_water,big_water,1_Defeat,FALSE,TRUE,40
41,41,HERO,TRUE,unit_name_Guitar,unit_nick_Guitar,PHYSICAL,WARRIOR,INT,5,4,15,25.5,0.85,2.15,0.86,0.35,0.7,0.35,0.7,100,1,1.5,5,5,CIRCLE,0.3,0,TRUE,5,unit_story_Guitar,unit_desc_Guitar,guitar,guitar,30,FALSE,TRUE,unit_big_guitar,unit_small_guitar,big_guitar,1_Defeat,FALSE,TRUE,41
42,42,HERO,TRUE,unit_name_Harp,unit_nick_Harp,MAGICAL,MAGE,INT,6,4,15,24.5,0.81666666667,2.2,0.88,0.38,0.76,0.38,0.76,100,1,1.5,5,5,CIRCLE,0.3,0,TRUE,5,unit_story_Harp,unit_desc_Harp,harp,harp,30,FALSE,TRUE,unit_big_harp,unit_small_harp,big_harp,1_Defeat,FALSE,FALSE,42
43,43,HERO,TRUE,unit_name_Deathscythe,unit_nick_Deathscythe,PHYSICAL,WARRIOR,STR,6,4,15,25.5,0.85,2.15,0.86,0.35,0.7,0.35,0.7,100,1,1.5,5,5,CIRCLE,0.3,0,TRUE,5,unit_story_Deathscythe,unit_desc_Deathscythe,deathscythe,deathscythe,30,FALSE,TRUE,unit_big_deathscythe,unit_small_deathscythe,big_deathscythe,1_Defeat,FALSE,FALSE,43
44,44,HERO,TRUE,unit_name_Sabre,unit_nick_Sabre,PHYSICAL,RANGER,DEX,5,4,15,21.5,0.71666666667,2.35,0.94,0.35,0.7,0.35,0.7,100,1,1.5,5,5,CIRCLE,0.3,0,TRUE,5,unit_story_Sabre,unit_desc_Sabre,sabre,sabre,30,FALSE,TRUE,unit_big_sabre,unit_small_sabre,big_sabre,1_Defeat,FALSE,FALSE,44
45,45,HERO,TRUE,unit_name_Tulu,unit_nick_Tulu,MAGICAL,MAGE,INT,4,2,7,20,0.66666666667,2.5,1,0.34,0.68,0.34,0.68,100,1,1.5,5,5,CIRCLE,0.3,0,FALSE,5,unit_story_Tulu,unit_desc_Tulu,tulu,tulu,30,FALSE,TRUE,unit_big_tulu,unit_small_tulu,big_tulu,1_Defeat,FALSE,FALSE,45
46,46,HERO,TRUE,unit_name_Gom,unit_nick_Gom,PHYSICAL,RANGER,DEX,3,2,7,25,0.83333333333,2.1,0.84,0.37,0.74,0.37,0.74,100,1,1.5,5,5,CIRCLE,0.3,0,FALSE,5,unit_story_Gom,unit_desc_Gom,gom,gom,30,FALSE,TRUE,unit_big_gom,unit_small_gom,big_gom,1_Defeat,FALSE,FALSE,46
47,47,HERO,FALSE,unit_name_Cleric,unit_nick_Cleric,PHYSICAL,KNIGHT,STR,5,4,15,32,1.0666666667,1.7,0.68,0.4,0.8,0.4,0.8,100,1,1.5,5,5,CIRCLE,0.3,0,TRUE,5,unit_story_Cleric,unit_desc_Cleric,cleric,cleric,30,FALSE,TRUE,unit_big_cleric,unit_small_cleric,big_cleric,1_Defeat,FALSE,FALSE,47
48,48,HERO,TRUE,unit_name_Flora,unit_nick_Flora,MAGICAL,MAGE,INT,3,2,7,21,0.7,2.4,0.96,0.36,0.72,0.36,0.72,100,1,1.5,5,5,CIRCLE,0.3,0,FALSE,5,unit_story_Flora,unit_desc_Flora,flora,flora,30,FALSE,TRUE,unit_big_flora,unit_small_flora,big_flora,1_Defeat,FALSE,FALSE,48
49,49,HERO,TRUE,unit_name_Paru,unit_nick_Paru,PHYSICAL,KNIGHT,STR,4,2,7,25.5,0.85,2.15,0.86,0.35,0.7,0.35,0.7,100,1,1.5,5,5,CIRCLE,0.3,0,FALSE,5,unit_story_Paru,unit_desc_Paru,paru,paru,30,FALSE,TRUE,unit_big_paru,unit_small_paru,big_paru,1_Defeat,FALSE,FALSE,49
50,901,HERO,TRUE,unit_name_Slime_01,,PHYSICAL,WARRIOR,STR,1,1,5,26,0.86666666667,1,0.4,0.35,0.7,0.35,0.7,100,1,1.4,5,5,CIRCLE,0.3,0,FALSE,,unit_desc_Slime_01,unit_desc_Slime_01,slime_hero_01,slime_hero_01,30,FALSE,TRUE,unit_big_slime_01,unit_small_slime_01,big_slime_01,1_Defeat,FALSE,FALSE,1001
51,902,HERO,TRUE,unit_name_Slime_02,,PHYSICAL,KNIGHT,STR,2,1,5,30,1,1.5,0.6,0.4,0.8,0.4,0.8,100,1,1.4,5,5,CIRCLE,0.3,0,FALSE,,unit_desc_Slime_02,unit_desc_Slime_02,slime_hero_02,slime_hero_02,30,FALSE,TRUE,unit_big_slime_02,unit_small_slime_02,big_slime_02,1_Defeat,FALSE,FALSE,1002
52,903,HERO,TRUE,unit_name_Slime_03,,PHYSICAL,SUPPORTER,INT,3,1,5,20,0.66666666667,2.3,0.92,0.36,0.72,0.36,0.72,100,1,1.4,5,5,CIRCLE,0.3,0,FALSE,,unit_desc_Slime_03,unit_desc_Slime_03,slime_hero_03,slime_hero_03,30,FALSE,TRUE,unit_big_slime_03,unit_small_slime_03,big_slime_03,1_Defeat,FALSE,FALSE,1003
53,904,HERO,TRUE,unit_name_Slime_04,,PHYSICAL,MAGE,INT,4,1,5,23,0.76666666667,2.1,0.84,0.36,0.72,0.36,0.72,100,1,1.4,5,5,CIRCLE,0.3,0,FALSE,,unit_desc_Slime_04,unit_desc_Slime_04,slime_hero_04,slime_hero_04,30,FALSE,TRUE,unit_big_slime_04,unit_small_slime_04,big_slime_04,1_Defeat,FALSE,FALSE,1004
54,905,HERO,TRUE,unit_name_Slime_05,,PHYSICAL,KNIGHT,STR,6,1,5,30,1,1.5,0.6,0.4,0.8,0.4,0.8,100,1,1.4,5,5,CIRCLE,0.3,0,FALSE,,unit_desc_Slime_05,unit_desc_Slime_05,slime_hero_05,slime_hero_05,30,FALSE,TRUE,unit_big_slime_05,unit_small_slime_05,big_slime_05,1_Defeat,FALSE,FALSE,1005
55,906,HERO,TRUE,unit_name_Slime_06,,PHYSICAL,WARRIOR,STR,5,1,5,27,0.9,0.9,0.36,0.37,0.74,0.37,0.74,100,1,1.4,5,5,CIRCLE,0.3,0,FALSE,,unit_desc_Slime_06,unit_desc_Slime_06,slime_hero_06,slime_hero_06,30,FALSE,TRUE,unit_big_slime_06,unit_small_slime_06,big_slime_06,1_Defeat,FALSE,FALSE,1006
56,1001,MONSTER,FALSE,unit_name_Slime_01,,PHYSICAL,WARRIOR,STR,1,1,1,26,0.86666666667,1,0.4,0.35,0.7,0.35,0.7,100,1,1.4,5,5,CIRCLE,0.3,0,FALSE,,,unit_desc_Slime_01,slime_01,slime_01,30,FALSE,TRUE,,,,1_Defeat,FALSE,TRUE,1001
57,1002,MONSTER,FALSE,unit_name_Slime_02,,PHYSICAL,KNIGHT,STR,2,1,1,30,1,1.5,0.6,0.4,0.8,0.4,0.8,100,1,1.4,5,5,CIRCLE,0.3,0,FALSE,,,unit_desc_Slime_02,slime_02,slime_02,30,FALSE,TRUE,,,,1_Defeat,FALSE,TRUE,1002
58,1003,MONSTER,FALSE,unit_name_Slime_03,,PHYSICAL,SUPPORTER,INT,3,1,1,20,0.66666666667,2.3,0.92,0.36,0.72,0.36,0.72,100,1,1.4,5,5,CIRCLE,0.3,0,FALSE,,,unit_desc_Slime_03,slime_03,slime_03,30,FALSE,TRUE,,,,1_Defeat,FALSE,TRUE,1003
59,1004,MONSTER,FALSE,unit_name_Slime_04,,PHYSICAL,MAGE,INT,4,1,1,23,0.76666666667,2.1,0.84,0.36,0.72,0.36,0.72,100,1,1.4,5,5,CIRCLE,0.3,0,FALSE,,,unit_desc_Slime_04,slime_04,slime_04,30,FALSE,TRUE,,,,1_Defeat,FALSE,TRUE,1004
60,1005,MONSTER,FALSE,unit_name_Slime_05,,PHYSICAL,KNIGHT,STR,6,1,1,30,1,1.5,0.6,0.4,0.8,0.4,0.8,100,1,1.4,5,5,CIRCLE,0.3,0,FALSE,,,unit_desc_Slime_05,slime_05,slime_05,30,FALSE,TRUE,,,,1_Defeat,FALSE,TRUE,1005
61,1006,MONSTER,FALSE,unit_name_Slime_06,,PHYSICAL,WARRIOR,STR,5,1,1,27,0.9,0.9,0.36,0.37,0.74,0.37,0.74,100,1,1.4,5,5,CIRCLE,0.3,0,FALSE,,,unit_desc_Slime_06,slime_06,slime_06,30,FALSE,TRUE,,,,1_Defeat,FALSE,TRUE,1006
62,1007,MONSTER,FALSE,unit_name_Mushroom_01,,PHYSICAL,WARRIOR,STR,1,1,1,27,0.9,1,0.4,0.35,0.7,0.35,0.7,100,1,1.4,5,5,CIRCLE,0.3,0,FALSE,,,unit_desc_Mushroom_01,mushroom_01,mushroom_01,30,FALSE,TRUE,,,,1_Defeat,FALSE,TRUE,1007
63,1008,MONSTER,FALSE,unit_name_Mushroom_02,,PHYSICAL,KNIGHT,STR,2,1,1,30,1,1.5,0.6,0.4,0.8,0.4,0.8,100,1,1.4,5,5,CIRCLE,0.3,0,FALSE,,,unit_desc_Mushroom_02,mushroom_02,mushroom_02,30,FALSE,TRUE,,,,1_Defeat,FALSE,TRUE,1008
64,1009,MONSTER,FALSE,unit_name_Mushroom_03,,PHYSICAL,MAGE,INT,3,1,1,22,0.73333333333,2.1,0.84,0.34,0.68,0.34,0.68,100,1,1.4,5,5,CIRCLE,0.3,0,FALSE,,,unit_desc_Mushroom_03,mushroom_03,mushroom_03,30,FALSE,TRUE,,,,1_Defeat,FALSE,TRUE,1009
65,1010,MONSTER,FALSE,unit_name_Mushroom_04,,PHYSICAL,MAGE,INT,4,1,1,21,0.7,2.3,0.92,0.35,0.7,0.35,0.7,100,1,1.4,5,5,CIRCLE,0.3,0,FALSE,,,unit_desc_Mushroom_04,mushroom_04,mushroom_04,30,FALSE,TRUE,,,,1_Defeat,FALSE,TRUE,1010
66,1011,MONSTER,FALSE,unit_name_Mushroom_05,,PHYSICAL,KNIGHT,STR,6,1,1,30,1,1.5,0.6,0.4,0.8,0.4,0.8,100,1,1.4,5,5,CIRCLE,0.3,0,FALSE,,,unit_desc_Mushroom_05,mushroom_05,mushroom_05,30,FALSE,TRUE,,,,1_Defeat,FALSE,TRUE,1011
67,1012,MONSTER,FALSE,unit_name_Mushroom_06,,PHYSICAL,KNIGHT,STR,5,1,1,30,1,1.5,0.6,0.4,0.8,0.4,0.8,100,1,1.4,5,5,CIRCLE,0.3,0,FALSE,,,unit_desc_Mushroom_06,mushroom_06,mushroom_06,30,FALSE,TRUE,,,,1_Defeat,FALSE,TRUE,1012
68,2001,MONSTER,FALSE,unit_name_Redeye,,PHYSICAL,KNIGHT,STR,1,1,1,24.8,0.82666666667,1.44,0.576,0.32,0.64,0.32,0.64,100,1,1.5,5,5,CIRCLE,0.3,0,FALSE,,,unit_desc_Redeye_H,redeye_h,,30,FALSE,TRUE,,,,1_Defeat,FALSE,TRUE,2001
69,2002,MONSTER,FALSE,unit_name_Plumehat,,MAGICAL,MAGE,INT,1,1,1,16,0.53333333333,2,0.8,0.272,0.544,0.272,0.544,100,1,1.5,5,5,CIRCLE,0.3,0,FALSE,,,unit_desc_Plumehat_H,plumehat_h,,30,FALSE,TRUE,,,,1_Defeat,FALSE,TRUE,2002
70,2003,MONSTER,FALSE,unit_name_Brownpony,,MAGICAL,SUPPORTER,INT,3,1,1,21.6,0.72,1.6,0.64,0.288,0.576,0.288,0.576,100,1,1.5,5,5,CIRCLE,0.3,0,FALSE,,,unit_desc_Brownpony_H,brownpony_h,,30,FALSE,TRUE,,,,1_Defeat,FALSE,TRUE,2003
71,2004,MONSTER,FALSE,unit_name_Carrot,,PHYSICAL,RANGER,DEX,1,1,1,20.8,0.69333333333,1.68,0.672,0.312,0.624,0.312,0.624,100,1,1.5,5,5,CIRCLE,0.3,0,FALSE,,,unit_desc_Carrot_H,carrot_h,,30,FALSE,TRUE,,,,1_Defeat,FALSE,TRUE,2004
72,2005,MONSTER,FALSE,unit_name_Skyblue,,PHYSICAL,RANGER,DEX,4,1,1,16.8,0.56,1.92,0.768,0.288,0.576,0.288,0.576,100,1,1.5,5,5,CIRCLE,0.3,0,FALSE,,,unit_desc_Skyblue_H,skyblue_h,,30,FALSE,TRUE,,,,1_Defeat,FALSE,TRUE,2005
73,2006,MONSTER,FALSE,unit_name_Goldshield,,PHYSICAL,KNIGHT,STR,2,1,1,25.6,0.85333333333,1.36,0.544,0.32,0.64,0.32,0.64,100,1,1.5,5,5,CIRCLE,0.3,0,FALSE,,,unit_desc_Goldshield_H,goldshield_h,,30,FALSE,TRUE,,,,1_Defeat,FALSE,TRUE,2006
74,2007,MONSTER,FALSE,unit_name_Monk,,PHYSICAL,WARRIOR,DEX,2,1,1,20,0.66666666667,1.68,0.672,0.296,0.592,0.296,0.592,100,1,1.5,5,5,CIRCLE,0.3,0,FALSE,,,unit_desc_Monk_H,monk_h,,30,FALSE,TRUE,,,,1_Defeat,FALSE,TRUE,2007
75,2008,MONSTER,FALSE,unit_name_Redhood,,PHYSICAL,RANGER,DEX,1,1,1,20,0.66666666667,1.76,0.704,0.28,0.56,0.28,0.56,100,1,1.5,5,5,CIRCLE,0.3,0,FALSE,,,unit_desc_Redhood_H,redhood_h,,30,FALSE,TRUE,,,,1_Defeat,FALSE,TRUE,2008
76,2009,MONSTER,FALSE,unit_name_Highelf,,MAGICAL,MAGE,INT,5,1,1,17.6,0.58666666667,1.88,0.752,0.288,0.576,0.288,0.576,100,1,1.5,5,5,CIRCLE,0.3,0,FALSE,,,unit_desc_Highelf_H,highelf_h,,30,FALSE,TRUE,,,,1_Defeat,FALSE,TRUE,2009
77,2010,MONSTER,FALSE,unit_name_Bullygirl,,PHYSICAL,KNIGHT,STR,2,1,1,22.4,0.74666666667,1.52,0.608,0.28,0.56,0.28,0.56,100,1,1.5,5,5,CIRCLE,0.3,0,FALSE,,,unit_desc_Bullygirl_H,bullygirl_h,,30,FALSE,TRUE,,,,1_Defeat,FALSE,TRUE,2010
78,2011,MONSTER,FALSE,unit_name_Blacksmith,,PHYSICAL,WARRIOR,STR,1,1,1,20,0.66666666667,1.68,0.672,0.296,0.592,0.296,0.592,100,1,1.5,5,5,CIRCLE,0.3,0,FALSE,,,unit_desc_Blacksmith_H,blacksmith_h,,30,FALSE,TRUE,,,,1_Defeat,FALSE,TRUE,2011
79,2012,MONSTER,FALSE,unit_name_Pirate,,PHYSICAL,RANGER,STR,4,1,1,20.4,0.68,1.72,0.688,0.28,0.56,0.28,0.56,100,1,1.5,5,5,CIRCLE,0.3,0,FALSE,,,unit_desc_Pirate_H,pirate_h,,30,FALSE,TRUE,,,,1_Defeat,FALSE,TRUE,2012
80,2013,MONSTER,FALSE,unit_name_Gambler,,MAGICAL,MAGE,INT,4,1,1,21.6,0.72,1.6,0.64,0.304,0.608,0.304,0.608,100,1,1.5,5,5,CIRCLE,0.3,0,FALSE,,,unit_desc_Gambler_H,gambler_h,,30,FALSE,TRUE,,,,1_Defeat,FALSE,TRUE,2013
81,2014,MONSTER,FALSE,unit_name_Baba,,PHYSICAL,WARRIOR,STR,3,1,1,22.4,0.74666666667,1.52,0.608,0.28,0.56,0.28,0.56,100,1,1.5,5,5,CIRCLE,0.3,0,FALSE,,,unit_desc_Baba_H,baba_h,,30,FALSE,TRUE,,,,1_Defeat,FALSE,TRUE,2014
82,2016,MONSTER,FALSE,unit_name_Jungle,,PHYSICAL,RANGER,DEX,3,1,1,17.6,0.58666666667,1.88,0.752,0.288,0.576,0.288,0.576,100,1,1.5,5,5,CIRCLE,0.3,0,FALSE,,,unit_desc_Jungle_H,jungle_h,,30,FALSE,TRUE,,,,1_Defeat,FALSE,TRUE,2016
83,2017,MONSTER,FALSE,unit_name_Ladydeath,,PHYSICAL,RANGER,DEX,6,1,1,17.2,0.57333333333,1.88,0.752,0.28,0.56,0.28,0.56,100,1,1.5,5,5,CIRCLE,0.3,0,FALSE,,,unit_desc_Ladydeath_H,ladydeath_h,,30,FALSE,TRUE,,,,1_Defeat,FALSE,TRUE,2017
84,2018,MONSTER,FALSE,unit_name_Darkelf,,MAGICAL,MAGE,INT,6,1,1,19.6,0.65333333333,1.76,0.704,0.304,0.608,0.304,0.608,100,1,1.5,5,5,CIRCLE,0.3,0,FALSE,,,unit_desc_Darkelf_H,darkelf_h,,30,FALSE,TRUE,,,,1_Defeat,FALSE,TRUE,2018
85,2019,MONSTER,FALSE,unit_name_Nun,,PHYSICAL,RANGER,DEX,2,1,1,20,0.66666666667,1.76,0.704,0.28,0.56,0.28,0.56,100,1,1.5,5,5,CIRCLE,0.3,0,FALSE,,,unit_desc_Nun_H,nun_h,,30,FALSE,TRUE,,,,1_Defeat,FALSE,TRUE,2019
86,2022,MONSTER,FALSE,unit_name_Fiance,,PHYSICAL,KNIGHT,STR,3,1,1,25.6,0.85333333333,1.36,0.544,0.32,0.64,0.32,0.64,100,1,1.5,5,5,CIRCLE,0.3,0,FALSE,,,unit_desc_Fiance_H,fiance_h,,30,FALSE,TRUE,,,,1_Defeat,FALSE,TRUE,2022
87,2023,MONSTER,FALSE,unit_name_Alchemy,,MAGICAL,SUPPORTER,INT,4,1,1,22.4,0.74666666667,1.56,0.624,0.296,0.592,0.296,0.592,100,1,1.5,5,5,CIRCLE,0.3,0,FALSE,,,unit_desc_Alchemy_H,alchemy_h,,30,FALSE,TRUE,,,,1_Defeat,FALSE,TRUE,2023
88,2024,MONSTER,FALSE,unit_name_Rabbit,,PHYSICAL,WARRIOR,DEX,3,1,1,20.4,0.68,1.72,0.688,0.28,0.56,0.28,0.56,100,1,1.5,5,5,CIRCLE,0.3,0,FALSE,,,unit_desc_Rabbit_H,rabbit_h,,30,FALSE,TRUE,,,,1_Defeat,FALSE,TRUE,2024
89,2025,MONSTER,FALSE,unit_name_Swordcat,,PHYSICAL,WARRIOR,DEX,2,1,1,20.4,0.68,1.72,0.688,0.28,0.56,0.28,0.56,100,1,1.5,5,5,CIRCLE,0.3,0,FALSE,,,unit_desc_Swordcat_H,swordcat_h,,30,FALSE,TRUE,,,,1_Defeat,FALSE,TRUE,2025
90,2026,MONSTER,FALSE,unit_name_Flower,,MAGICAL,SUPPORTER,INT,3,1,1,24,0.8,1.536,0.6144,0.28,0.56,0.28,0.56,100,1,1.5,5,5,CIRCLE,0.3,0,FALSE,,,unit_desc_Flower_H,flower_h,,30,FALSE,TRUE,,,,1_Defeat,FALSE,TRUE,2026
91,2027,MONSTER,FALSE,unit_name_Middle,,MAGICAL,MAGE,INT,3,1,1,17.6,0.58666666667,1.88,0.752,0.288,0.576,0.288,0.576,100,1,1.5,5,5,CIRCLE,0.3,0,FALSE,,,unit_desc_Middle_H,middle_h,,30,FALSE,TRUE,,,,1_Defeat,FALSE,TRUE,2027
92,2028,MONSTER,FALSE,unit_name_Bdragon,,MAGICAL,WARRIOR,STR,4,1,1,20.4,0.68,1.72,0.688,0.28,0.56,0.28,0.56,100,1,1.5,5,5,CIRCLE,0.3,0,FALSE,,,unit_desc_Bdragon_H,bdragon_h,,30,FALSE,TRUE,,,,1_Defeat,FALSE,TRUE,2028
93,2029,MONSTER,FALSE,unit_name_Queen,,PHYSICAL,KNIGHT,STR,2,1,1,25.6,0.85333333333,1.28,0.512,0.36,0.72,0.36,0.72,100,1,1.5,5,5,CIRCLE,0.3,0,FALSE,,,unit_desc_Queen_H,queen_h,,30,FALSE,TRUE,,,,1_Defeat,FALSE,TRUE,2029
94,2031,MONSTER,FALSE,unit_name_Redhead,,PHYSICAL,WARRIOR,STR,1,1,1,20.8,0.69333333333,1.64,0.656,0.296,0.592,0.296,0.592,100,1,1.5,5,5,CIRCLE,0.3,0,FALSE,,,unit_desc_Redhead_H,redhead_h,,30,FALSE,TRUE,,,,1_Defeat,FALSE,TRUE,2031
95,2032,MONSTER,FALSE,unit_name_Dualcross,,PHYSICAL,RANGER,DEX,2,1,1,20.4,0.68,1.72,0.688,0.28,0.56,0.28,0.56,100,1,1.5,5,5,CIRCLE,0.3,0,FALSE,,,unit_desc_Dualcross_H,dualcross_h,,30,FALSE,TRUE,,,,1_Defeat,FALSE,TRUE,2032
96,2033,MONSTER,FALSE,unit_name_Ass,,PHYSICAL,RANGER,DEX,2,1,1,17.6,0.58666666667,1.84,0.736,0.28,0.56,0.28,0.56,100,1,1.5,5,5,CIRCLE,0.3,0,FALSE,,,unit_desc_Ass_H,ass_h,,30,FALSE,TRUE,,,,1_Defeat,FALSE,TRUE,2033
97,2034,MONSTER,FALSE,unit_name_Foxy,,PHYSICAL,RANGER,DEX,1,1,1,17.2,0.57333333333,1.88,0.752,0.28,0.56,0.28,0.56,100,1,1.5,5,5,CIRCLE,0.3,0,FALSE,,,unit_desc_Foxy_H,foxy_h,,30,FALSE,TRUE,,,,1_Defeat,FALSE,TRUE,2034
98,2035,MONSTER,FALSE,unit_name_Priest,,MAGICAL,SUPPORTER,INT,4,1,1,24,0.8,1.536,0.6144,0.28,0.56,0.28,0.56,100,1,1.5,5,5,CIRCLE,0.3,0,FALSE,,,unit_desc_Priest_H,priest_h,,30,FALSE,TRUE,,,,1_Defeat,FALSE,TRUE,2035
99,2036,MONSTER,FALSE,unit_name_Miko,,MAGICAL,RANGER,DEX,1,1,1,17.6,0.58666666667,1.84,0.736,0.288,0.576,0.288,0.576,100,1,1.5,5,5,CIRCLE,0.3,0,FALSE,,,unit_desc_Miko_H,miko_h,,30,FALSE,TRUE,,,,1_Defeat,FALSE,TRUE,2036
100,2037,MONSTER,FALSE,unit_name_Rdragon,,PHYSICAL,WARRIOR,STR,1,1,1,22.4,0.74666666667,1.52,0.608,0.28,0.56,0.28,0.56,100,1,1.5,5,5,CIRCLE,0.3,0,FALSE,,,unit_desc_Rdragon_H,rdragon_h,,30,FALSE,TRUE,,,,1_Defeat,FALSE,TRUE,2037
101,2039,MONSTER,FALSE,unit_name_Sugar,,MAGICAL,SUPPORTER,INT,2,1,1,22.4,0.74666666667,1.52,0.608,0.296,0.592,0.296,0.592,100,1,1.5,5,5,CIRCLE,0.3,0,FALSE,,,unit_desc_Sugar_H,sugar_h,,30,FALSE,TRUE,,,,1_Defeat,FALSE,TRUE,2039
102,2040,MONSTER,FALSE,unit_name_Water,,MAGICAL,MAGE,INT,4,1,1,19.6,0.65333333333,1.76,0.704,0.304,0.608,0.304,0.608,100,1,1.5,5,5,CIRCLE,0.3,0,FALSE,,,unit_desc_Water_H,water_h,,30,FALSE,TRUE,,,,1_Defeat,FALSE,TRUE,2040
103,2041,MONSTER,FALSE,unit_name_Guitar,,PHYSICAL,WARRIOR,INT,5,1,1,20.4,0.68,1.72,0.688,0.28,0.56,0.28,0.56,100,1,1.5,5,5,CIRCLE,0.3,0,FALSE,,,unit_desc_Guitar_H,guitar_h,,30,FALSE,TRUE,,,,1_Defeat,FALSE,FALSE,2041
104,2042,MONSTER,FALSE,unit_name_Harp,,MAGICAL,MAGE,INT,6,1,1,19.6,0.65333333333,1.76,0.704,0.304,0.608,0.304,0.608,100,1,1.5,5,5,CIRCLE,0.3,0,FALSE,,,unit_desc_Harp_H,harp_h,,30,FALSE,TRUE,,,,1_Defeat,FALSE,FALSE,2042
105,2043,MONSTER,FALSE,unit_name_Deathscythe,,PHYSICAL,WARRIOR,STR,6,1,1,20.4,0.68,1.72,0.688,0.28,0.56,0.28,0.56,100,1,1.5,5,5,CIRCLE,0.3,0,FALSE,,,unit_desc_Deathscythe_H,deathscythe_h,,30,FALSE,TRUE,,,,1_Defeat,FALSE,FALSE,2043
106,2044,MONSTER,FALSE,unit_name_Sabre,,PHYSICAL,RANGER,DEX,5,1,1,17.2,0.57333333333,1.88,0.752,0.28,0.56,0.28,0.56,100,1,1.5,5,5,CIRCLE,0.3,0,FALSE,,,unit_desc_Sabre_H,sabre_h,,30,FALSE,TRUE,,,,1_Defeat,FALSE,FALSE,2044
107,2045,MONSTER,FALSE,unit_name_Tulu,,PHYSICAL,KNIGHT,STR,5,1,1,25.6,0.85333333333,1.36,0.544,0.32,0.64,0.32,0.64,100,1,1.5,5,5,CIRCLE,0.3,0,FALSE,,,unit_desc_Tulu_H,tulu_h,,30,FALSE,TRUE,,,,1_Defeat,FALSE,FALSE,2045
108,2046,MONSTER,FALSE,unit_name_Gom,,MAGICAL,MAGE,INT,3,1,1,16.8,0.56,1.92,0.768,0.288,0.576,0.288,0.576,100,1,1.5,5,5,CIRCLE,0.3,0,FALSE,,,unit_desc_Gom_H,gom_h,,30,FALSE,TRUE,,,,1_Defeat,FALSE,FALSE,2046
109,3001,BOSS,FALSE,unit_name_SuitCat,,PHYSICAL,WARRIOR,STR,6,15,15,5000,0,130,0,250,0,250,0,0,0,1.4,5,5,CIRCLE,1,0,FALSE,,,unit_desc_SuitCat,suitcat,suitcat,5,FALSE,TRUE,,,,1_Defeat,FALSE,FALSE,3001
110,3002,BOSS,FALSE,unit_name_JackRabbit,,PHYSICAL,RANGER,DEX,6,15,15,5000,0,130,0,250,0,250,0,0,0,1.4,5,5,CIRCLE,1,0,FALSE,,,unit_desc_JackRabbit,jackrabbit,jackrabbit,5,FALSE,TRUE,,,,1_Defeat,FALSE,FALSE,3002
111,3003,BOSS,FALSE,unit_name_Evilpet,,PHYSICAL,WARRIOR,STR,6,15,15,6000,0,130,0,250,0,250,0,0,0,0,5,5,CIRCLE,1,0,FALSE,,,unit_desc_Evilpet,evilpet,evilpet,0,FALSE,TRUE,,,,1_Defeat,FALSE,FALSE,3003
112,12001,HERO_SKIN,TRUE,skin_name_ice_pajama,unit_nick_Ice,MAGICAL,MAGE,INT,4,4,15,28,0.93333333333,2,0.8,0.38,0.76,0.38,0.76,100,1,1.5,5,5,CIRCLE,0.3,0,TRUE,5,unit_story_Ice,unit_desc_Ice,ice_pajama,ice_pajama,30,FALSE,TRUE,unit_big_ice,unit_small_ice,big_ice,1_Defeat,FALSE,FALSE,20
113,12601,HERO_SKIN,TRUE,skin_name_flower_pajama,unit_nick_Flower,MAGICAL,SUPPORTER,INT,3,4,15,30,1,1.92,0.768,0.35,0.7,0.35,0.7,100,1,1.5,5,5,CIRCLE,0.3,0,TRUE,5,unit_story_Flower,unit_desc_Flower,flower_pajama,flower_pajama,30,FALSE,TRUE,unit_big_flower,unit_small_flower,big_flower,1_Defeat,FALSE,FALSE,26
114,13701,HERO_SKIN,TRUE,skin_name_rdragon_pajama,unit_nick_Rdragon,PHYSICAL,WARRIOR,STR,1,4,15,28,0.93333333333,1.9,0.76,0.35,0.7,0.35,0.7,100,1,1.5,5,5,CIRCLE,0.3,0,TRUE,5,unit_story_Rdragon,unit_desc_Rdragon,rdragon_pajama,rdragon_pajama,30,FALSE,TRUE,unit_big_rdragon,unit_small_rdragon,big_rdragon,1_Defeat,FALSE,FALSE,37
115,11501,HERO_SKIN,TRUE,skin_name_crusader_summer,unit_nick_Crusader,PHYSICAL,KNIGHT,STR,1,4,15,25.5,0.85,2.15,0.86,0.35,0.7,0.35,0.7,100,1,1.5,5,5,CIRCLE,0.3,0,TRUE,5,unit_story_Crusader,unit_desc_Crusader,crusader_summer,crusader_summer,30,FALSE,TRUE,unit_big_crusader,unit_small_crusader,big_crusader,1_Defeat,FALSE,FALSE,15
116,14001,HERO_SKIN,TRUE,skin_name_water_summer,unit_nick_Water,MAGICAL,MAGE,INT,4,4,15,24.5,0.81666666667,2.2,0.88,0.38,0.76,0.38,0.76,100,1,1.5,5,5,CIRCLE,0.3,0,TRUE,5,unit_story_Water,unit_desc_Water,water_summer,water_summer,30,FALSE,TRUE,unit_big_water,unit_small_water,big_water,1_Defeat,FALSE,FALSE,40
117,9001,MONSTER,FALSE,unit_name_Redeye,unit_nick_Redeye,PHYSICAL,KNIGHT,STR,1,10,10,5000,0,130,0,250,0,250,0,0,0,0,5,5,CIRCLE,0.3,0,FALSE,,unit_story_Redeye,unit_desc_Redeye,redeye,redeye,30,FALSE,TRUE,unit_big_redeye,unit_small_redeye,big_redeye,1_Defeat,FALSE,FALSE,9001
